Operating System,Analysis of Algorithm,Programming Concept,Software Engineering,Computer Network,Applied Mathematics,Computer Security,Hackathons attended,Interest,Topmost Certification,Personality,Management or technical,Leadership,Team,Self Ability
70,71,86,69,92,99,65,2,Database Administrator,MongoDB Certified DBA,Extravert,Management,No,Yes,Yes
84,94,88,98,68,82,82,3,Data Scientist,Google Professional Data Engineer,Extravert,Management,No,No,Yes
66,62,57,80,62,73,80,2,IT Project Manager,Certified ScrumMaster (CSM),Extravert,Technical,Yes,No,No
74,57,72,64,88,70,98,1,Systems Administrator,Red Hat Certified System Administrator (RHCSA),Introvert,Technical,Yes,Yes,Yes
74,60,66,97,59,52,73,3,Data Scientist,Microsoft Certified: Azure Data Scientist Associate,Introvert,Technical,Yes,No,Yes
97,64,58,97,83,76,53,1,Cybersecurity Specialist,Certified Information Systems Security Professional (CISSP),Introvert,Management,No,Yes,Yes
70,59,74,98,65,90,57,2,Software Developer,Oracle Certified Professional: Java SE,Introvert,Management,No,Yes,No
64,91,51,72,88,71,65,5,Data Scientist,Google Professional Data Engineer,Extravert,Technical,Yes,No,Yes
85,52,100,57,87,62,89,6,Software Developer,Microsoft Certified: Azure Developer Associate,Introvert,Technical,No,No,No
86,98,64,60,73,63,67,3,IT Project Manager,CompTIA Project+,Extravert,Technical,Yes,No,No
91,77,72,89,71,56,75,5,DevOps Engineer,AWS Certified DevOps Engineer,Extravert,Technical,No,Yes,Yes
91,82,54,88,56,76,86,1,Network Engineer,Cisco Certified Network Associate (CCNA),Introvert,Technical,Yes,Yes,No
77,83,90,94,59,100,91,1,Network Engineer,Cisco Certified Network Professional (CCNP),Extravert,Management,No,Yes,No
63,91,77,67,58,59,67,1,Data Scientist,Microsoft Certified: Azure Data Scientist Associate,Introvert,Management,Yes,Yes,Yes
55,67,64,56,84,86,58,1,Software Developer,Microsoft Certified: Azure Developer Associate,Introvert,Management,No,Yes,No
81,93,75,52,59,88,92,1,Systems Administrator,Red Hat Certified System Administrator (RHCSA),Introvert,Management,Yes,No,No
56,99,77,65,68,69,60,2,Software Developer,Oracle Certified Professional: Java SE,Extravert,Technical,Yes,No,No
78,92,97,59,91,82,64,5,Cybersecurity Specialist,Certified Information Systems Security Professional (CISSP),Extravert,Management,No,Yes,Yes
53,59,84,80,50,76,93,4,Systems Administrator,CompTIA Linux+,Extravert,Management,No,No,Yes
99,91,85,68,95,78,52,2,IT Project Manager,CompTIA Project+,Introvert,Management,Yes,No,Yes
84,65,75,64,79,91,86,1,Data Scientist,Certified Analytics Professional (CAP),Extravert,Management,No,No,No
68,97,61,85,100,74,69,2,Cybersecurity Specialist,CompTIA Security+,Introvert,Management,No,No,Yes
61,68,92,83,99,98,83,4,IT Support Specialist,HDI Desktop Support Technician (HDI-DST),Introvert,Technical,No,No,No
79,92,68,94,73,50,99,3,Database Administrator,Oracle Certified Professional (OCP),Extravert,Management,Yes,No,No
68,67,68,64,71,53,92,1,Cybersecurity Specialist,Certified Ethical Hacker (CEH),Introvert,Management,No,Yes,No
86,81,80,97,75,89,57,3,Database Administrator,Oracle Certified Professional (OCP),Extravert,Technical,Yes,No,Yes
85,91,87,66,80,75,78,3,IT Support Specialist,CompTIA A+,Introvert,Management,No,Yes,No
95,55,78,94,93,95,71,4,Network Engineer,Cisco Certified Network Associate (CCNA),Extravert,Management,No,Yes,Yes
75,87,95,64,68,66,57,4,Cybersecurity Specialist,Certified Information Systems Security Professional (CISSP),Extravert,Management,Yes,No,No
56,55,70,64,87,89,74,3,DevOps Engineer,Docker Certified Associate (DCA),Introvert,Management,No,Yes,No
72,68,56,83,65,62,71,3,Database Administrator,Oracle Certified Professional (OCP),Extravert,Technical,No,No,No
89,84,82,89,56,69,59,4,Software Developer,Certified Secure Software Lifecycle Professional (CSSLP),Introvert,Management,No,Yes,No
74,51,83,98,68,69,90,2,DevOps Engineer,Docker Certified Associate (DCA),Extravert,Management,Yes,Yes,Yes
100,67,65,89,96,97,94,1,IT Project Manager,CompTIA Project+,Introvert,Management,Yes,No,No
98,73,94,66,75,60,88,2,IT Project Manager,Certified ScrumMaster (CSM),Introvert,Technical,No,No,Yes
97,97,81,98,67,50,62,2,Database Administrator,Microsoft Certified: Azure Database Administrator Associate,Introvert,Technical,No,Yes,Yes
90,98,94,71,94,51,72,4,Cybersecurity Specialist,Certified Ethical Hacker (CEH),Extravert,Management,Yes,No,No
70,62,58,75,71,74,100,3,IT Project Manager,Certified ScrumMaster (CSM),Introvert,Management,No,Yes,Yes
51,53,87,100,61,88,74,6,Data Scientist,Microsoft Certified: Azure Data Scientist Associate,Extravert,Technical,No,Yes,No
71,94,85,90,82,64,63,5,Software Developer,Oracle Certified Professional: Java SE,Extravert,Technical,Yes,Yes,No
89,57,96,74,70,74,58,3,Network Engineer,Cisco Certified Network Associate (CCNA),Introvert,Technical,No,Yes,No
72,54,61,59,55,59,77,3,IT Project Manager,Certified ScrumMaster (CSM),Introvert,Management,No,No,No
77,51,59,88,62,93,94,5,Cybersecurity Specialist,Certified Information Systems Security Professional (CISSP),Introvert,Management,No,Yes,No
66,58,51,64,95,78,90,3,Database Administrator,MongoDB Certified DBA,Introvert,Management,No,No,No
54,86,69,69,53,86,57,1,IT Project Manager,CompTIA Project+,Introvert,Management,Yes,Yes,Yes
69,53,100,87,98,56,95,2,Cybersecurity Specialist,Certified Ethical Hacker (CEH),Introvert,Management,No,No,Yes
99,74,67,57,99,70,99,5,Systems Administrator,Microsoft Certified: Azure Administrator Associate,Introvert,Technical,No,No,No
84,53,90,85,97,99,80,3,Data Scientist,Google Professional Data Engineer,Extravert,Management,Yes,Yes,No
88,61,85,91,99,62,56,3,IT Support Specialist,HDI Desktop Support Technician (HDI-DST),Extravert,Technical,No,Yes,No
72,53,58,83,97,84,90,6,IT Project Manager,CompTIA Project+,Introvert,Management,No,No,No
58,83,54,72,74,58,92,4,IT Project Manager,Project Management Professional (PMP),Extravert,Management,Yes,No,Yes
73,59,60,69,84,51,60,1,Database Administrator,MongoDB Certified DBA,Extravert,Technical,Yes,Yes,No
97,50,60,97,96,84,84,3,Cybersecurity Specialist,Certified Ethical Hacker (CEH),Introvert,Management,Yes,No,Yes
88,99,56,69,58,92,60,4,Network Engineer,Cisco Certified Network Professional (CCNP),Introvert,Technical,Yes,Yes,Yes
85,91,82,62,72,77,88,4,Cybersecurity Specialist,Certified Ethical Hacker (CEH),Extravert,Management,Yes,Yes,Yes
58,80,60,83,66,94,94,4,DevOps Engineer,AWS Certified DevOps Engineer,Extravert,Technical,No,Yes,Yes
64,74,57,96,72,68,92,4,Software Developer,Oracle Certified Professional: Java SE,Introvert,Management,Yes,Yes,Yes
78,75,83,86,64,66,55,6,IT Project Manager,CompTIA Project+,Introvert,Technical,No,No,Yes
56,98,68,72,74,58,64,1,Database Administrator,Oracle Certified Professional (OCP),Introvert,Management,Yes,Yes,No
73,99,54,99,78,63,53,4,Database Administrator,MongoDB Certified DBA,Introvert,Management,Yes,No,Yes
67,74,86,91,63,53,72,2,Network Engineer,Cisco Certified Network Associate (CCNA),Extravert,Technical,No,Yes,No
88,94,76,59,69,59,81,3,DevOps Engineer,AWS Certified DevOps Engineer,Introvert,Management,Yes,Yes,No
62,74,55,98,66,74,64,1,IT Support Specialist,CompTIA A+,Extravert,Technical,No,Yes,No
81,71,60,75,55,86,67,3,Data Scientist,Google Professional Data Engineer,Introvert,Technical,No,Yes,Yes
78,81,69,62,88,87,54,1,Data Scientist,Microsoft Certified: Azure Data Scientist Associate,Introvert,Technical,Yes,No,Yes
84,50,66,87,55,95,77,3,IT Support Specialist,Microsoft Certified: Modern Desktop Administrator Associate,Extravert,Management,No,Yes,No
60,94,76,86,99,59,99,2,DevOps Engineer,Certified Kubernetes Administrator (CKA),Introvert,Management,Yes,Yes,Yes
75,76,79,79,95,57,86,2,IT Support Specialist,HDI Desktop Support Technician (HDI-DST),Extravert,Management,No,No,Yes
63,56,73,81,66,74,50,4,IT Project Manager,Project Management Professional (PMP),Introvert,Technical,Yes,Yes,No
95,62,93,95,60,78,54,4,Database Administrator,Oracle Certified Professional (OCP),Extravert,Management,Yes,No,No
67,88,87,76,53,58,86,4,Cybersecurity Specialist,Certified Information Systems Security Professional (CISSP),Introvert,Technical,Yes,Yes,Yes
91,87,92,81,70,97,59,3,Network Engineer,Cisco Certified Network Associate (CCNA),Extravert,Technical,Yes,No,Yes
99,96,57,59,88,90,88,1,Cybersecurity Specialist,CompTIA Security+,Extravert,Technical,Yes,Yes,No
96,76,51,80,96,58,80,2,IT Project Manager,CompTIA Project+,Extravert,Management,Yes,No,No
73,95,58,80,50,90,55,1,Software Developer,Oracle Certified Professional: Java SE,Extravert,Management,No,No,Yes
64,85,99,51,51,81,93,6,Systems Administrator,CompTIA Linux+,Introvert,Technical,Yes,Yes,No
66,91,94,58,76,85,91,4,Network Engineer,Cisco Certified Network Associate (CCNA),Extravert,Technical,Yes,No,No
70,90,77,53,88,66,95,2,IT Project Manager,Project Management Professional (PMP),Introvert,Management,No,No,Yes
61,88,83,52,86,60,51,3,Data Scientist,Google Professional Data Engineer,Introvert,Technical,Yes,Yes,No
100,54,78,81,65,50,61,1,Data Scientist,Certified Analytics Professional (CAP),Extravert,Technical,Yes,No,No
62,97,97,60,80,83,59,1,IT Project Manager,Project Management Professional (PMP),Introvert,Management,No,Yes,Yes
81,88,77,95,64,55,67,5,Cybersecurity Specialist,CompTIA Security+,Extravert,Technical,No,Yes,Yes
65,97,70,89,52,74,89,3,Cybersecurity Specialist,Certified Information Systems Security Professional (CISSP),Introvert,Technical,No,Yes,No
99,90,73,54,75,56,58,2,Cybersecurity Specialist,Certified Information Systems Security Professional (CISSP),Introvert,Technical,No,Yes,Yes
83,94,76,65,53,100,67,3,Cybersecurity Specialist,Certified Ethical Hacker (CEH),Extravert,Management,Yes,No,Yes
64,55,60,92,68,51,69,3,Database Administrator,Oracle Certified Professional (OCP),Extravert,Technical,No,No,Yes
75,95,90,80,73,83,58,2,Network Engineer,Cisco Certified Network Professional (CCNP),Extravert,Management,No,No,Yes
54,89,98,50,89,52,57,2,Network Engineer,Cisco Certified Network Associate (CCNA),Introvert,Management,No,Yes,Yes
64,86,75,58,60,58,66,2,Cybersecurity Specialist,Certified Ethical Hacker (CEH),Introvert,Technical,No,No,No
85,53,53,100,51,77,50,3,Database Administrator,Microsoft Certified: Azure Database Administrator Associate,Extravert,Technical,No,No,No
58,93,94,68,56,55,54,4,Systems Administrator,Microsoft Certified: Azure Administrator Associate,Extravert,Technical,No,No,Yes
57,59,75,59,91,52,79,4,DevOps Engineer,AWS Certified DevOps Engineer,Extravert,Technical,No,Yes,No
97,97,71,99,65,79,89,1,IT Support Specialist,CompTIA A+,Extravert,Technical,No,No,Yes
57,51,70,96,97,89,56,1,Data Scientist,Google Professional Data Engineer,Extravert,Technical,No,Yes,No
63,97,56,66,80,61,72,2,IT Support Specialist,Microsoft Certified: Modern Desktop Administrator Associate,Introvert,Management,Yes,No,Yes
90,87,51,56,88,69,73,2,Data Scientist,Certified Analytics Professional (CAP),Introvert,Technical,No,Yes,No
76,95,98,89,83,83,80,3,IT Project Manager,CompTIA Project+,Extravert,Technical,Yes,Yes,No
79,96,87,50,61,75,63,3,Cybersecurity Specialist,Certified Information Systems Security Professional (CISSP),Extravert,Management,Yes,No,Yes
98,64,78,98,78,89,62,5,Software Developer,Microsoft Certified: Azure Developer Associate,Extravert,Technical,No,Yes,Yes
56,53,87,61,84,99,95,3,DevOps Engineer,Docker Certified Associate (DCA),Introvert,Technical,No,No,No
71,80,77,65,100,53,97,3,Data Scientist,Certified Analytics Professional (CAP),Extravert,Technical,No,Yes,No
95,70,80,54,67,61,96,3,Data Scientist,Google Professional Data Engineer,Introvert,Technical,Yes,Yes,Yes
50,80,99,50,66,53,64,3,Systems Administrator,Red Hat Certified System Administrator (RHCSA),Introvert,Technical,Yes,Yes,No
81,87,65,93,56,50,89,1,IT Project Manager,Project Management Professional (PMP),Introvert,Technical,No,Yes,Yes
74,68,57,97,92,79,92,3,Systems Administrator,CompTIA Linux+,Introvert,Management,No,Yes,Yes
56,57,67,50,72,74,84,4,IT Project Manager,Project Management Professional (PMP),Introvert,Technical,Yes,Yes,Yes
72,72,51,78,63,80,75,2,Cybersecurity Specialist,CompTIA Security+,Introvert,Management,Yes,Yes,Yes
96,50,76,70,67,85,98,1,DevOps Engineer,Docker Certified Associate (DCA),Extravert,Management,No,Yes,Yes
59,97,75,78,92,96,61,1,Data Scientist,Microsoft Certified: Azure Data Scientist Associate,Introvert,Management,No,Yes,No
61,51,97,100,60,90,80,4,Network Engineer,Cisco Certified Network Associate (CCNA),Extravert,Technical,No,No,Yes
61,82,75,100,96,86,98,1,Database Administrator,Microsoft Certified: Azure Database Administrator Associate,Extravert,Management,Yes,No,No
75,70,92,94,93,58,60,1,IT Support Specialist,HDI Desktop Support Technician (HDI-DST),Extravert,Management,No,No,No
78,97,67,67,71,53,98,5,IT Project Manager,Project Management Professional (PMP),Introvert,Management,Yes,Yes,Yes
62,78,62,67,62,88,51,1,Cybersecurity Specialist,CompTIA Security+,Introvert,Technical,No,No,No
67,94,72,94,51,88,52,2,Data Scientist,Microsoft Certified: Azure Data Scientist Associate,Introvert,Management,Yes,Yes,No
68,63,58,74,83,96,80,3,Data Scientist,Google Professional Data Engineer,Introvert,Technical,Yes,No,No
59,85,82,52,92,81,67,1,Data Scientist,Certified Analytics Professional (CAP),Extravert,Technical,No,No,No
63,78,84,96,72,95,78,3,DevOps Engineer,Docker Certified Associate (DCA),Extravert,Management,No,Yes,Yes
79,82,50,82,100,88,67,2,Systems Administrator,Microsoft Certified: Azure Administrator Associate,Introvert,Management,Yes,Yes,Yes
84,65,94,84,60,75,81,4,Network Engineer,Cisco Certified Network Associate (CCNA),Extravert,Technical,Yes,No,No
63,61,51,82,85,75,63,4,Cybersecurity Specialist,Certified Ethical Hacker (CEH),Extravert,Technical,Yes,Yes,No
50,51,62,61,66,50,68,2,DevOps Engineer,Docker Certified Associate (DCA),Extravert,Technical,No,No,Yes
88,71,73,93,56,93,90,3,Data Scientist,Certified Analytics Professional (CAP),Introvert,Technical,Yes,Yes,Yes
77,72,83,93,52,73,61,2,Cybersecurity Specialist,CompTIA Security+,Introvert,Management,Yes,No,No
52,75,69,69,74,55,89,3,IT Support Specialist,Microsoft Certified: Modern Desktop Administrator Associate,Extravert,Technical,Yes,Yes,No
86,76,88,53,75,93,57,4,Software Developer,Certified Secure Software Lifecycle Professional (CSSLP),Extravert,Management,No,No,Yes
50,59,65,80,78,100,50,1,Data Scientist,Certified Analytics Professional (CAP),Extravert,Management,Yes,No,Yes
100,79,91,100,87,79,91,2,IT Support Specialist,HDI Desktop Support Technician (HDI-DST),Introvert,Technical,Yes,Yes,No
74,79,68,97,86,60,73,4,IT Project Manager,Certified ScrumMaster (CSM),Introvert,Technical,Yes,No,Yes
76,55,53,99,98,84,71,3,Network Engineer,Cisco Certified Network Associate (CCNA),Introvert,Technical,Yes,No,No
95,97,97,88,92,71,50,3,DevOps Engineer,Certified Kubernetes Administrator (CKA),Introvert,Management,Yes,Yes,Yes
91,61,100,70,59,78,81,2,DevOps Engineer,Certified Kubernetes Administrator (CKA),Introvert,Management,No,No,No
53,52,79,95,75,81,58,1,IT Project Manager,CompTIA Project+,Introvert,Management,Yes,No,Yes
95,85,51,53,51,60,59,1,Software Developer,Oracle Certified Professional: Java SE,Extravert,Technical,No,Yes,No
95,74,79,86,65,63,87,2,IT Support Specialist,CompTIA A+,Introvert,Management,Yes,Yes,No
80,53,56,54,86,58,76,3,DevOps Engineer,Certified Kubernetes Administrator (CKA),Introvert,Management,No,Yes,No
100,84,65,92,66,68,50,2,Data Scientist,Google Professional Data Engineer,Introvert,Technical,Yes,Yes,No
77,74,63,70,56,66,66,2,Cybersecurity Specialist,CompTIA Security+,Extravert,Technical,Yes,Yes,No
81,77,73,76,67,51,88,3,IT Project Manager,Certified ScrumMaster (CSM),Introvert,Management,Yes,Yes,Yes
97,91,57,63,61,99,60,5,IT Project Manager,CompTIA Project+,Extravert,Management,Yes,Yes,Yes
81,87,97,56,89,50,83,1,Database Administrator,Microsoft Certified: Azure Database Administrator Associate,Extravert,Technical,No,No,Yes
91,99,90,82,59,50,73,4,Network Engineer,Cisco Certified Network Professional (CCNP),Introvert,Technical,Yes,No,Yes
71,94,72,62,67,69,75,3,DevOps Engineer,Docker Certified Associate (DCA),Introvert,Technical,No,No,Yes
92,63,68,83,60,52,62,4,Network Engineer,Cisco Certified Network Associate (CCNA),Extravert,Management,No,No,No
97,92,83,57,52,70,83,2,IT Support Specialist,Microsoft Certified: Modern Desktop Administrator Associate,Extravert,Management,No,No,Yes
97,55,58,88,66,99,65,6,Systems Administrator,Microsoft Certified: Azure Administrator Associate,Introvert,Management,Yes,Yes,No
59,59,96,68,68,76,73,4,Systems Administrator,Red Hat Certified System Administrator (RHCSA),Introvert,Technical,Yes,No,Yes
79,58,89,85,70,99,69,4,DevOps Engineer,AWS Certified DevOps Engineer,Introvert,Management,No,Yes,No
98,65,94,62,90,62,87,5,Network Engineer,Cisco Certified Network Associate (CCNA),Introvert,Management,Yes,Yes,Yes
71,61,62,75,83,96,80,4,IT Project Manager,CompTIA Project+,Introvert,Technical,Yes,Yes,No
51,81,77,97,62,90,55,4,Database Administrator,Microsoft Certified: Azure Database Administrator Associate,Extravert,Management,No,Yes,Yes
87,95,84,93,83,97,90,2,Cybersecurity Specialist,CompTIA Security+,Extravert,Management,No,Yes,Yes
87,94,77,59,75,74,100,2,Database Administrator,Microsoft Certified: Azure Database Administrator Associate,Extravert,Management,No,No,No
67,60,52,54,62,83,82,3,Software Developer,Certified Secure Software Lifecycle Professional (CSSLP),Extravert,Management,Yes,No,Yes
93,94,53,70,77,55,94,6,IT Support Specialist,Microsoft Certified: Modern Desktop Administrator Associate,Introvert,Technical,No,Yes,Yes
96,86,58,85,63,77,55,6,IT Support Specialist,CompTIA A+,Introvert,Management,No,No,Yes
95,52,84,83,58,61,51,1,Systems Administrator,Microsoft Certified: Azure Administrator Associate,Introvert,Technical,Yes,No,Yes
69,62,76,69,55,100,68,4,IT Project Manager,CompTIA Project+,Introvert,Management,Yes,No,No
70,78,75,94,98,77,87,3,DevOps Engineer,AWS Certified DevOps Engineer,Extravert,Technical,No,Yes,Yes
96,81,71,74,53,86,84,1,DevOps Engineer,Certified Kubernetes Administrator (CKA),Extravert,Technical,Yes,Yes,No
77,73,53,70,77,59,60,1,Systems Administrator,Microsoft Certified: Azure Administrator Associate,Extravert,Technical,No,No,Yes
74,76,55,69,100,63,72,4,Data Scientist,Certified Analytics Professional (CAP),Extravert,Technical,No,No,No
78,51,100,77,59,76,84,2,Network Engineer,Cisco Certified Network Associate (CCNA),Introvert,Technical,No,No,No
80,70,66,79,87,70,73,1,Network Engineer,Cisco Certified Network Associate (CCNA),Introvert,Technical,No,Yes,No
97,80,97,61,51,65,81,2,Network Engineer,Cisco Certified Network Professional (CCNP),Introvert,Management,No,No,No
54,54,95,94,71,67,87,4,Systems Administrator,Microsoft Certified: Azure Administrator Associate,Extravert,Management,Yes,Yes,Yes
83,53,52,90,86,78,76,2,Network Engineer,Cisco Certified Network Associate (CCNA),Introvert,Technical,No,No,Yes
50,72,99,71,83,88,55,4,Systems Administrator,Microsoft Certified: Azure Administrator Associate,Extravert,Technical,No,No,Yes
93,97,56,59,69,72,94,6,Systems Administrator,CompTIA Linux+,Introvert,Management,Yes,No,Yes
56,92,63,72,86,53,67,1,Software Developer,Certified Secure Software Lifecycle Professional (CSSLP),Extravert,Technical,Yes,Yes,No
97,79,51,79,68,80,67,1,IT Project Manager,CompTIA Project+,Introvert,Management,No,No,No
65,99,99,72,55,67,92,3,Systems Administrator,CompTIA Linux+,Introvert,Technical,No,No,No
81,52,60,92,78,91,82,3,Systems Administrator,CompTIA Linux+,Introvert,Management,Yes,No,No
84,71,63,94,62,75,53,5,Software Developer,Microsoft Certified: Azure Developer Associate,Extravert,Technical,Yes,No,Yes
68,76,88,77,84,54,65,3,IT Support Specialist,Microsoft Certified: Modern Desktop Administrator Associate,Extravert,Technical,Yes,Yes,No
80,71,54,58,58,98,72,6,Software Developer,Certified Secure Software Lifecycle Professional (CSSLP),Extravert,Management,Yes,Yes,No
92,57,82,52,61,84,54,1,Software Developer,Certified Secure Software Lifecycle Professional (CSSLP),Extravert,Management,Yes,No,No
87,85,89,82,53,82,73,3,DevOps Engineer,Docker Certified Associate (DCA),Introvert,Management,Yes,No,Yes
79,59,94,68,73,80,76,4,Cybersecurity Specialist,CompTIA Security+,Extravert,Technical,Yes,Yes,Yes
87,91,99,70,78,87,90,6,Systems Administrator,Microsoft Certified: Azure Administrator Associate,Introvert,Management,Yes,Yes,No
50,87,82,99,58,77,83,3,Database Administrator,Microsoft Certified: Azure Database Administrator Associate,Extravert,Technical,No,No,Yes
55,88,62,59,72,65,84,2,Software Developer,Oracle Certified Professional: Java SE,Introvert,Management,No,No,No
62,67,72,78,67,63,94,1,DevOps Engineer,AWS Certified DevOps Engineer,Extravert,Management,No,No,Yes
79,93,84,85,77,60,79,1,Database Administrator,MongoDB Certified DBA,Extravert,Technical,No,Yes,Yes
60,98,72,93,77,98,96,1,IT Project Manager,Certified ScrumMaster (CSM),Extravert,Technical,Yes,No,No
86,58,82,95,54,82,53,3,Database Administrator,Microsoft Certified: Azure Database Administrator Associate,Introvert,Technical,Yes,No,No
93,74,50,99,66,74,71,3,Data Scientist,Microsoft Certified: Azure Data Scientist Associate,Extravert,Technical,Yes,No,No
85,66,80,50,69,99,65,1,IT Support Specialist,Microsoft Certified: Modern Desktop Administrator Associate,Introvert,Management,Yes,Yes,No
55,69,86,59,83,69,62,4,Database Administrator,Oracle Certified Professional (OCP),Extravert,Management,No,Yes,Yes
68,64,95,83,51,68,99,5,Software Developer,Oracle Certified Professional: Java SE,Introvert,Management,Yes,No,No
96,56,94,100,61,52,65,3,Data Scientist,Certified Analytics Professional (CAP),Extravert,Technical,Yes,Yes,No
91,99,94,50,78,81,98,2,Software Developer,Certified Secure Software Lifecycle Professional (CSSLP),Extravert,Management,No,Yes,Yes
85,99,53,75,80,54,79,6,Software Developer,Certified Secure Software Lifecycle Professional (CSSLP),Extravert,Management,Yes,Yes,No
57,57,68,93,84,57,50,5,Systems Administrator,Red Hat Certified System Administrator (RHCSA),Extravert,Technical,Yes,Yes,No
51,62,85,51,85,69,51,3,Data Scientist,Google Professional Data Engineer,Introvert,Management,Yes,Yes,No
62,90,99,66,95,83,53,3,IT Project Manager,Certified ScrumMaster (CSM),Introvert,Management,Yes,No,Yes
72,64,87,76,72,96,90,1,Data Scientist,Microsoft Certified: Azure Data Scientist Associate,Extravert,Management,No,Yes,Yes
72,50,92,73,56,96,82,3,Cybersecurity Specialist,CompTIA Security+,Introvert,Management,Yes,Yes,Yes
64,77,76,68,54,82,72,3,Network Engineer,Cisco Certified Network Associate (CCNA),Extravert,Management,No,No,Yes
90,50,89,69,69,94,75,3,Systems Administrator,CompTIA Linux+,Extravert,Management,No,No,No
73,68,87,63,56,56,97,4,Database Administrator,Oracle Certified Professional (OCP),Extravert,Management,No,Yes,No
77,62,82,86,91,90,59,2,Cybersecurity Specialist,Certified Information Systems Security Professional (CISSP),Extravert,Management,Yes,Yes,No
57,70,62,51,98,65,86,3,IT Project Manager,Certified ScrumMaster (CSM),Introvert,Management,Yes,Yes,Yes
50,85,71,79,97,97,52,2,Data Scientist,Microsoft Certified: Azure Data Scientist Associate,Extravert,Technical,Yes,Yes,No
88,73,88,85,85,76,97,2,Cybersecurity Specialist,Certified Information Systems Security Professional (CISSP),Extravert,Technical,Yes,No,Yes
100,79,58,65,53,78,80,2,Database Administrator,MongoDB Certified DBA,Introvert,Technical,No,Yes,Yes
94,55,71,57,82,73,62,2,Database Administrator,Oracle Certified Professional (OCP),Introvert,Management,No,Yes,Yes
92,75,76,76,82,83,76,3,IT Support Specialist,Microsoft Certified: Modern Desktop Administrator Associate,Introvert,Management,No,Yes,No
92,100,86,98,58,64,81,1,Database Administrator,Microsoft Certified: Azure Database Administrator Associate,Extravert,Technical,Yes,Yes,No
69,57,76,76,50,79,71,3,IT Support Specialist,HDI Desktop Support Technician (HDI-DST),Extravert,Technical,Yes,Yes,Yes
51,89,98,67,65,98,54,3,Data Scientist,Google Professional Data Engineer,Extravert,Technical,Yes,Yes,No
67,92,92,55,99,91,66,3,Software Developer,Certified Secure Software Lifecycle Professional (CSSLP),Introvert,Management,Yes,No,No
94,93,66,94,89,52,96,5,Network Engineer,Cisco Certified Network Associate (CCNA),Extravert,Management,No,No,Yes
66,52,62,74,65,51,95,3,Systems Administrator,Microsoft Certified: Azure Administrator Associate,Extravert,Technical,Yes,No,Yes
91,98,58,60,78,52,69,1,IT Project Manager,Project Management Professional (PMP),Introvert,Technical,Yes,No,Yes
91,56,51,67,66,91,97,2,IT Support Specialist,CompTIA A+,Extravert,Management,No,Yes,No
60,58,71,50,71,76,93,4,IT Support Specialist,CompTIA A+,Introvert,Technical,No,No,Yes
82,79,57,91,65,64,51,2,Data Scientist,Google Professional Data Engineer,Introvert,Management,Yes,Yes,No
95,82,81,72,98,73,63,3,Cybersecurity Specialist,Certified Information Systems Security Professional (CISSP),Extravert,Management,No,No,Yes
96,97,53,54,64,60,58,3,Cybersecurity Specialist,Certified Information Systems Security Professional (CISSP),Introvert,Technical,No,No,Yes
96,68,65,98,84,84,99,5,IT Project Manager,Certified ScrumMaster (CSM),Introvert,Technical,No,Yes,No
71,65,73,52,57,79,53,3,DevOps Engineer,Certified Kubernetes Administrator (CKA),Extravert,Technical,No,Yes,No
61,50,93,60,65,62,50,2,Data Scientist,Microsoft Certified: Azure Data Scientist Associate,Introvert,Technical,No,No,Yes
79,96,68,96,65,57,52,1,Data Scientist,Microsoft Certified: Azure Data Scientist Associate,Extravert,Management,Yes,No,No
92,70,53,77,97,91,64,5,DevOps Engineer,Docker Certified Associate (DCA),Extravert,Technical,No,Yes,No
61,70,89,60,79,60,53,3,DevOps Engineer,AWS Certified DevOps Engineer,Extravert,Technical,Yes,Yes,No
53,65,69,99,78,60,97,4,DevOps Engineer,Docker Certified Associate (DCA),Introvert,Technical,No,No,Yes
51,63,58,67,63,52,72,6,DevOps Engineer,Docker Certified Associate (DCA),Introvert,Management,No,Yes,No
92,58,86,65,73,58,69,1,Systems Administrator,Microsoft Certified: Azure Administrator Associate,Extravert,Technical,Yes,Yes,Yes
64,98,65,97,82,70,76,2,Software Developer,Certified Secure Software Lifecycle Professional (CSSLP),Extravert,Technical,Yes,No,No
92,54,69,58,100,78,80,3,IT Support Specialist,HDI Desktop Support Technician (HDI-DST),Extravert,Management,No,No,Yes
50,87,69,55,70,64,63,3,DevOps Engineer,Certified Kubernetes Administrator (CKA),Introvert,Technical,No,Yes,No
89,52,59,95,71,65,89,1,Cybersecurity Specialist,Certified Ethical Hacker (CEH),Introvert,Management,Yes,No,Yes
62,98,77,100,90,62,98,3,Software Developer,Certified Secure Software Lifecycle Professional (CSSLP),Extravert,Management,No,Yes,Yes
66,87,79,59,70,53,55,1,Network Engineer,Cisco Certified Network Professional (CCNP),Extravert,Technical,Yes,Yes,Yes
88,71,82,51,88,50,78,3,Software Developer,Microsoft Certified: Azure Developer Associate,Extravert,Technical,Yes,No,Yes
85,82,67,56,66,78,52,3,Network Engineer,Cisco Certified Network Associate (CCNA),Extravert,Technical,Yes,No,Yes
85,85,70,57,64,90,70,1,Data Scientist,Certified Analytics Professional (CAP),Introvert,Technical,Yes,No,No
93,85,86,80,61,81,52,1,Systems Administrator,Red Hat Certified System Administrator (RHCSA),Introvert,Management,No,No,Yes
73,60,91,100,95,62,88,2,Software Developer,Certified Secure Software Lifecycle Professional (CSSLP),Introvert,Technical,No,Yes,Yes
61,89,77,81,72,94,67,2,Software Developer,Oracle Certified Professional: Java SE,Introvert,Technical,Yes,No,Yes
74,92,67,95,100,79,53,1,Cybersecurity Specialist,Certified Information Systems Security Professional (CISSP),Introvert,Management,Yes,Yes,No
87,75,53,63,80,65,51,2,Systems Administrator,Red Hat Certified System Administrator (RHCSA),Extravert,Management,Yes,Yes,No
51,80,53,74,60,71,60,2,Cybersecurity Specialist,CompTIA Security+,Extravert,Management,Yes,Yes,Yes
82,61,54,71,64,100,67,1,Cybersecurity Specialist,Certified Information Systems Security Professional (CISSP),Introvert,Technical,Yes,No,Yes
85,62,77,99,81,72,85,1,Systems Administrator,Microsoft Certified: Azure Administrator Associate,Introvert,Technical,Yes,Yes,Yes
79,86,99,95,88,79,66,4,Systems Administrator,Red Hat Certified System Administrator (RHCSA),Extravert,Management,No,Yes,No
61,98,75,93,73,70,91,4,DevOps Engineer,AWS Certified DevOps Engineer,Extravert,Management,Yes,Yes,Yes
66,57,76,67,70,57,90,5,IT Project Manager,Certified ScrumMaster (CSM),Extravert,Management,Yes,No,Yes
56,58,56,99,94,79,64,1,Database Administrator,MongoDB Certified DBA,Extravert,Technical,No,No,No
67,55,82,92,70,66,77,1,IT Support Specialist,Microsoft Certified: Modern Desktop Administrator Associate,Introvert,Management,Yes,Yes,No
98,90,71,78,81,88,68,6,Network Engineer,Cisco Certified Network Professional (CCNP),Introvert,Technical,Yes,Yes,Yes
81,75,61,98,70,93,71,2,IT Project Manager,Certified ScrumMaster (CSM),Introvert,Technical,No,No,No
90,57,61,72,76,66,96,3,Network Engineer,Cisco Certified Network Associate (CCNA),Introvert,Management,No,Yes,Yes
64,59,92,92,93,90,99,5,Data Scientist,Google Professional Data Engineer,Extravert,Management,Yes,No,Yes
97,60,98,73,56,55,77,4,DevOps Engineer,Certified Kubernetes Administrator (CKA),Extravert,Management,Yes,No,No
89,84,61,96,91,79,62,3,Software Developer,Oracle Certified Professional: Java SE,Extravert,Management,Yes,No,Yes
62,54,100,69,66,99,83,3,Cybersecurity Specialist,CompTIA Security+,Introvert,Technical,Yes,No,Yes
63,85,92,98,71,64,81,3,Network Engineer,Cisco Certified Network Associate (CCNA),Introvert,Management,No,Yes,Yes
58,78,57,72,91,65,51,3,Cybersecurity Specialist,Certified Information Systems Security Professional (CISSP),Introvert,Management,No,No,Yes
76,66,54,89,73,92,81,3,Database Administrator,MongoDB Certified DBA,Extravert,Technical,Yes,No,No
69,89,94,65,53,78,86,2,DevOps Engineer,Certified Kubernetes Administrator (CKA),Introvert,Management,Yes,No,Yes
51,62,52,78,91,93,98,3,Database Administrator,MongoDB Certified DBA,Introvert,Management,Yes,Yes,Yes
50,62,55,63,51,81,51,2,IT Support Specialist,CompTIA A+,Introvert,Management,Yes,No,Yes
72,82,65,62,58,91,60,1,IT Project Manager,Certified ScrumMaster (CSM),Extravert,Technical,No,Yes,Yes
51,60,64,92,91,78,61,3,Cybersecurity Specialist,Certified Ethical Hacker (CEH),Introvert,Technical,No,Yes,Yes
63,75,94,92,75,66,87,3,Systems Administrator,Red Hat Certified System Administrator (RHCSA),Extravert,Management,Yes,No,No
78,92,72,74,85,100,93,3,Database Administrator,Microsoft Certified: Azure Database Administrator Associate,Extravert,Technical,Yes,No,No
59,50,51,74,69,70,76,4,Database Administrator,Oracle Certified Professional (OCP),Extravert,Management,Yes,No,No
61,52,75,56,53,72,68,3,Systems Administrator,CompTIA Linux+,Introvert,Technical,Yes,No,Yes
79,50,97,68,80,88,100,2,IT Support Specialist,Microsoft Certified: Modern Desktop Administrator Associate,Introvert,Technical,No,No,No
58,50,100,88,65,58,51,2,Network Engineer,Cisco Certified Network Professional (CCNP),Extravert,Management,Yes,Yes,No
95,84,98,98,100,55,62,3,Network Engineer,Cisco Certified Network Associate (CCNA),Extravert,Management,No,No,No
92,82,50,84,93,64,50,4,Network Engineer,Cisco Certified Network Associate (CCNA),Extravert,Management,No,No,No
77,75,68,82,62,81,68,6,Software Developer,Certified Secure Software Lifecycle Professional (CSSLP),Introvert,Technical,Yes,Yes,Yes
77,89,60,65,63,68,98,1,Data Scientist,Certified Analytics Professional (CAP),Extravert,Management,No,Yes,No
67,96,77,90,58,58,59,1,IT Project Manager,Certified ScrumMaster (CSM),Extravert,Technical,Yes,Yes,Yes
77,57,69,90,55,57,96,3,Network Engineer,Cisco Certified Network Associate (CCNA),Introvert,Management,Yes,No,No
97,80,92,85,74,69,60,5,Systems Administrator,Red Hat Certified System Administrator (RHCSA),Introvert,Management,No,No,Yes
87,77,50,62,85,83,66,4,Cybersecurity Specialist,Certified Ethical Hacker (CEH),Introvert,Management,No,No,No
56,86,74,81,83,85,52,2,Cybersecurity Specialist,Certified Ethical Hacker (CEH),Introvert,Technical,No,No,Yes
100,78,60,66,94,99,100,1,Cybersecurity Specialist,Certified Information Systems Security Professional (CISSP),Introvert,Technical,No,No,Yes
59,91,71,63,76,64,70,3,Network Engineer,Cisco Certified Network Associate (CCNA),Introvert,Management,Yes,Yes,No
73,69,69,89,59,80,73,2,Systems Administrator,CompTIA Linux+,Extravert,Technical,No,Yes,Yes
93,85,65,54,97,87,73,1,Data Scientist,Certified Analytics Professional (CAP),Extravert,Technical,No,Yes,No
77,98,89,52,73,88,98,1,DevOps Engineer,AWS Certified DevOps Engineer,Introvert,Technical,Yes,Yes,Yes
99,87,80,58,100,68,72,2,IT Project Manager,CompTIA Project+,Introvert,Technical,Yes,Yes,No
94,84,51,90,57,99,75,4,IT Support Specialist,HDI Desktop Support Technician (HDI-DST),Introvert,Management,No,Yes,Yes
55,100,98,51,73,88,99,6,Database Administrator,MongoDB Certified DBA,Introvert,Technical,Yes,No,No
98,98,95,88,81,54,71,2,IT Support Specialist,HDI Desktop Support Technician (HDI-DST),Extravert,Technical,Yes,Yes,No
51,58,63,78,91,69,85,3,IT Support Specialist,HDI Desktop Support Technician (HDI-DST),Extravert,Management,No,Yes,Yes
56,80,82,78,72,72,91,6,Database Administrator,Microsoft Certified: Azure Database Administrator Associate,Introvert,Technical,Yes,Yes,Yes
50,56,92,66,67,69,98,4,IT Support Specialist,CompTIA A+,Introvert,Technical,Yes,No,No
93,78,58,51,81,63,60,1,Systems Administrator,Red Hat Certified System Administrator (RHCSA),Extravert,Technical,No,Yes,Yes
93,96,90,77,73,61,83,5,Software Developer,Certified Secure Software Lifecycle Professional (CSSLP),Extravert,Management,Yes,Yes,Yes
93,53,99,61,56,79,96,5,Database Administrator,MongoDB Certified DBA,Extravert,Management,No,Yes,Yes
56,66,79,96,100,83,68,2,DevOps Engineer,AWS Certified DevOps Engineer,Introvert,Management,No,No,Yes
53,61,98,63,71,83,68,3,Network Engineer,Cisco Certified Network Professional (CCNP),Introvert,Technical,Yes,No,Yes
65,67,69,91,53,97,73,2,Systems Administrator,Red Hat Certified System Administrator (RHCSA),Introvert,Management,Yes,Yes,No
58,83,69,62,68,95,51,3,Systems Administrator,CompTIA Linux+,Introvert,Technical,Yes,Yes,Yes
72,55,85,94,78,70,75,3,Network Engineer,Cisco Certified Network Associate (CCNA),Extravert,Technical,No,No,Yes
97,55,88,98,99,90,53,6,IT Support Specialist,HDI Desktop Support Technician (HDI-DST),Introvert,Technical,No,No,Yes
91,75,96,61,68,99,92,1,Database Administrator,MongoDB Certified DBA,Extravert,Management,No,Yes,No
91,95,69,100,96,87,65,6,Data Scientist,Microsoft Certified: Azure Data Scientist Associate,Introvert,Technical,No,No,No
68,97,56,98,75,53,96,4,Software Developer,Oracle Certified Professional: Java SE,Introvert,Management,Yes,Yes,No
66,56,100,65,74,91,79,2,Cybersecurity Specialist,CompTIA Security+,Introvert,Management,No,No,No
64,77,91,81,51,73,83,3,IT Support Specialist,CompTIA A+,Introvert,Management,Yes,No,Yes
86,58,94,93,98,83,99,3,Software Developer,Microsoft Certified: Azure Developer Associate,Extravert,Technical,No,Yes,Yes
96,53,64,61,88,85,62,6,IT Support Specialist,HDI Desktop Support Technician (HDI-DST),Introvert,Management,No,Yes,No
87,85,56,62,88,55,76,3,Systems Administrator,Red Hat Certified System Administrator (RHCSA),Introvert,Management,Yes,Yes,No
66,75,89,64,75,63,53,3,IT Support Specialist,CompTIA A+,Extravert,Management,Yes,Yes,Yes
59,66,69,73,98,65,92,1,Network Engineer,Cisco Certified Network Associate (CCNA),Extravert,Technical,No,No,No
84,85,73,76,79,83,65,1,Systems Administrator,Red Hat Certified System Administrator (RHCSA),Introvert,Management,No,Yes,No
54,60,70,97,61,98,95,3,Database Administrator,MongoDB Certified DBA,Introvert,Management,Yes,No,Yes
82,94,52,51,98,90,94,6,Data Scientist,Google Professional Data Engineer,Extravert,Management,No,Yes,No
79,58,53,78,59,69,60,2,DevOps Engineer,Certified Kubernetes Administrator (CKA),Introvert,Technical,No,Yes,No
57,98,100,57,52,87,95,5,Database Administrator,MongoDB Certified DBA,Introvert,Management,Yes,No,No
75,52,62,78,92,52,68,4,Network Engineer,Cisco Certified Network Associate (CCNA),Introvert,Management,No,Yes,No
65,66,88,96,79,53,71,1,Network Engineer,Cisco Certified Network Associate (CCNA),Introvert,Technical,No,No,Yes
65,79,62,58,76,89,96,2,Cybersecurity Specialist,Certified Information Systems Security Professional (CISSP),Introvert,Management,No,Yes,No
66,92,81,87,63,88,84,4,Database Administrator,MongoDB Certified DBA,Extravert,Technical,Yes,No,No
95,78,98,85,62,90,62,4,Network Engineer,Cisco Certified Network Professional (CCNP),Introvert,Technical,Yes,No,No
70,80,81,94,64,53,54,2,Cybersecurity Specialist,Certified Ethical Hacker (CEH),Introvert,Technical,No,No,Yes
82,76,96,52,86,55,58,2,Network Engineer,Cisco Certified Network Associate (CCNA),Extravert,Technical,Yes,Yes,No
56,90,52,51,55,70,89,5,IT Project Manager,CompTIA Project+,Introvert,Management,No,No,No
79,50,69,69,82,67,77,5,Systems Administrator,Red Hat Certified System Administrator (RHCSA),Introvert,Management,Yes,No,Yes
71,82,67,79,94,64,91,1,Database Administrator,MongoDB Certified DBA,Introvert,Management,No,Yes,Yes
94,62,80,87,93,52,94,6,IT Support Specialist,Microsoft Certified: Modern Desktop Administrator Associate,Introvert,Management,Yes,No,Yes
82,64,67,57,83,80,79,3,Database Administrator,MongoDB Certified DBA,Introvert,Management,No,Yes,No
96,80,64,52,74,56,61,2,DevOps Engineer,Docker Certified Associate (DCA),Extravert,Technical,Yes,Yes,Yes
91,90,53,52,79,51,50,3,Data Scientist,Certified Analytics Professional (CAP),Extravert,Technical,No,No,Yes
92,70,97,74,95,52,62,6,Network Engineer,Cisco Certified Network Professional (CCNP),Extravert,Technical,Yes,No,Yes
88,59,65,57,76,64,94,5,Data Scientist,Certified Analytics Professional (CAP),Extravert,Technical,No,Yes,Yes
70,90,58,65,86,57,84,3,Software Developer,Microsoft Certified: Azure Developer Associate,Extravert,Management,Yes,Yes,No
97,68,84,92,55,55,67,3,Network Engineer,Cisco Certified Network Professional (CCNP),Introvert,Management,No,Yes,No
99,93,66,71,66,97,96,1,Database Administrator,Microsoft Certified: Azure Database Administrator Associate,Introvert,Management,No,No,Yes
84,80,90,60,75,80,75,2,IT Project Manager,Certified ScrumMaster (CSM),Extravert,Technical,Yes,No,No
96,53,69,76,66,89,65,1,Systems Administrator,Red Hat Certified System Administrator (RHCSA),Introvert,Management,Yes,Yes,Yes
95,51,83,98,61,76,95,3,DevOps Engineer,AWS Certified DevOps Engineer,Introvert,Management,Yes,No,No
68,72,82,84,65,55,59,5,Systems Administrator,Red Hat Certified System Administrator (RHCSA),Introvert,Management,Yes,No,Yes
73,61,84,82,66,86,64,1,Database Administrator,Oracle Certified Professional (OCP),Extravert,Management,Yes,No,Yes
100,51,96,75,79,63,77,1,Data Scientist,Microsoft Certified: Azure Data Scientist Associate,Extravert,Technical,Yes,Yes,Yes
62,89,87,63,95,80,67,1,IT Support Specialist,Microsoft Certified: Modern Desktop Administrator Associate,Extravert,Management,No,Yes,Yes
68,66,84,92,78,96,56,2,Network Engineer,Cisco Certified Network Professional (CCNP),Introvert,Management,No,Yes,No
63,64,93,72,60,59,69,4,Cybersecurity Specialist,Certified Ethical Hacker (CEH),Extravert,Management,No,Yes,Yes
80,95,69,73,54,77,69,1,IT Support Specialist,CompTIA A+,Extravert,Technical,Yes,Yes,No
80,59,85,64,95,72,83,1,Systems Administrator,Microsoft Certified: Azure Administrator Associate,Extravert,Management,No,No,No
53,77,83,71,67,73,96,1,Database Administrator,Oracle Certified Professional (OCP),Extravert,Management,Yes,No,No
79,94,79,70,55,62,65,1,DevOps Engineer,AWS Certified DevOps Engineer,Introvert,Technical,No,No,Yes
59,96,80,91,58,54,61,3,Cybersecurity Specialist,CompTIA Security+,Extravert,Management,Yes,Yes,No
78,51,75,58,100,65,60,2,DevOps Engineer,Certified Kubernetes Administrator (CKA),Introvert,Management,Yes,Yes,Yes
71,94,65,88,73,60,95,1,IT Support Specialist,CompTIA A+,Introvert,Technical,No,No,No
74,97,87,82,57,54,71,3,Network Engineer,Cisco Certified Network Professional (CCNP),Introvert,Management,Yes,Yes,No
68,52,94,68,99,91,93,3,Software Developer,Certified Secure Software Lifecycle Professional (CSSLP),Introvert,Management,No,No,Yes
71,85,89,87,71,68,97,1,Software Developer,Microsoft Certified: Azure Developer Associate,Introvert,Technical,No,No,Yes
96,82,60,92,99,87,97,1,Systems Administrator,Red Hat Certified System Administrator (RHCSA),Extravert,Technical,Yes,No,No
90,73,78,61,67,73,88,1,IT Support Specialist,CompTIA A+,Extravert,Technical,No,Yes,Yes
75,53,74,63,89,91,98,4,Software Developer,Microsoft Certified: Azure Developer Associate,Extravert,Management,No,No,No
59,96,53,97,88,51,64,2,Systems Administrator,CompTIA Linux+,Extravert,Management,No,Yes,Yes
58,97,86,50,87,83,68,2,IT Project Manager,Certified ScrumMaster (CSM),Extravert,Technical,Yes,No,Yes
92,51,57,70,96,83,75,5,IT Support Specialist,HDI Desktop Support Technician (HDI-DST),Extravert,Technical,Yes,No,Yes
75,77,94,79,55,52,71,2,Software Developer,Certified Secure Software Lifecycle Professional (CSSLP),Introvert,Technical,No,Yes,Yes
76,92,99,93,98,70,55,2,Systems Administrator,Microsoft Certified: Azure Administrator Associate,Introvert,Management,No,Yes,No
74,82,64,84,56,75,86,5,Database Administrator,Oracle Certified Professional (OCP),Introvert,Management,Yes,Yes,Yes
90,88,64,97,70,89,90,2,Data Scientist,Microsoft Certified: Azure Data Scientist Associate,Extravert,Management,No,No,Yes
50,60,88,51,90,59,72,4,Database Administrator,Microsoft Certified: Azure Database Administrator Associate,Extravert,Technical,No,Yes,No
73,98,89,66,74,76,95,2,IT Project Manager,Project Management Professional (PMP),Extravert,Technical,No,Yes,No
92,96,82,94,89,77,78,4,Database Administrator,Microsoft Certified: Azure Database Administrator Associate,Extravert,Technical,Yes,No,Yes
66,76,75,78,95,75,56,2,IT Support Specialist,CompTIA A+,Introvert,Management,Yes,Yes,Yes
100,53,92,54,51,57,50,3,Cybersecurity Specialist,CompTIA Security+,Extravert,Management,Yes,No,Yes
63,97,52,88,84,73,86,2,Database Administrator,MongoDB Certified DBA,Introvert,Management,No,Yes,No
61,90,100,78,56,72,78,6,Data Scientist,Microsoft Certified: Azure Data Scientist Associate,Introvert,Management,No,No,No
98,51,81,82,65,89,78,2,Database Administrator,MongoDB Certified DBA,Extravert,Management,Yes,Yes,Yes
77,54,67,65,78,59,86,2,Database Administrator,MongoDB Certified DBA,Extravert,Management,No,No,Yes
89,92,84,87,71,57,61,3,Database Administrator,Oracle Certified Professional (OCP),Introvert,Management,Yes,Yes,No
83,75,79,96,86,66,81,3,Database Administrator,MongoDB Certified DBA,Extravert,Technical,Yes,No,Yes
54,93,97,62,58,63,79,5,IT Support Specialist,CompTIA A+,Extravert,Technical,Yes,Yes,No
51,65,93,67,55,97,61,6,IT Support Specialist,Microsoft Certified: Modern Desktop Administrator Associate,Extravert,Management,No,Yes,No
91,51,53,58,64,99,55,6,Cybersecurity Specialist,Certified Information Systems Security Professional (CISSP),Introvert,Technical,Yes,No,Yes
87,52,71,73,93,87,76,3,IT Support Specialist,Microsoft Certified: Modern Desktop Administrator Associate,Extravert,Management,No,Yes,Yes
50,95,98,72,58,77,66,2,Cybersecurity Specialist,CompTIA Security+,Introvert,Technical,Yes,No,No
79,72,57,84,94,51,69,2,IT Project Manager,Project Management Professional (PMP),Extravert,Technical,Yes,No,No
53,56,82,84,74,69,57,1,IT Support Specialist,HDI Desktop Support Technician (HDI-DST),Introvert,Management,Yes,Yes,Yes
80,71,94,76,65,81,74,1,Database Administrator,MongoDB Certified DBA,Extravert,Management,No,Yes,Yes
80,84,97,73,59,91,81,3,Network Engineer,Cisco Certified Network Associate (CCNA),Introvert,Technical,Yes,Yes,Yes
67,59,74,67,51,56,77,5,Data Scientist,Google Professional Data Engineer,Extravert,Management,Yes,Yes,No
58,74,59,98,79,61,58,2,Cybersecurity Specialist,Certified Ethical Hacker (CEH),Introvert,Technical,No,Yes,No
100,81,70,75,91,82,51,2,Network Engineer,Cisco Certified Network Professional (CCNP),Introvert,Management,Yes,Yes,No
65,60,54,76,98,95,68,1,Network Engineer,Cisco Certified Network Associate (CCNA),Extravert,Technical,Yes,No,No
67,66,64,78,51,91,99,2,IT Support Specialist,Microsoft Certified: Modern Desktop Administrator Associate,Introvert,Technical,Yes,Yes,No
73,61,59,95,78,73,73,1,Data Scientist,Google Professional Data Engineer,Extravert,Management,Yes,Yes,No
50,60,75,81,55,71,100,2,Software Developer,Microsoft Certified: Azure Developer Associate,Extravert,Management,No,Yes,Yes
60,98,90,66,95,57,95,3,Network Engineer,Cisco Certified Network Associate (CCNA),Extravert,Technical,No,Yes,No
56,83,54,100,76,91,51,2,IT Project Manager,CompTIA Project+,Introvert,Management,Yes,No,Yes
91,61,83,75,53,76,53,2,Network Engineer,Cisco Certified Network Associate (CCNA),Extravert,Technical,Yes,No,Yes
79,51,89,74,57,88,52,3,Database Administrator,Oracle Certified Professional (OCP),Extravert,Management,Yes,Yes,No
61,63,93,79,87,78,66,4,IT Project Manager,Project Management Professional (PMP),Extravert,Technical,Yes,No,No
72,85,52,79,62,56,92,6,Cybersecurity Specialist,Certified Ethical Hacker (CEH),Introvert,Management,No,No,No
70,85,53,96,56,94,59,2,Database Administrator,MongoDB Certified DBA,Introvert,Management,No,Yes,No
77,76,68,90,79,64,51,1,Data Scientist,Certified Analytics Professional (CAP),Introvert,Management,Yes,No,No
84,87,63,98,100,67,81,3,Cybersecurity Specialist,Certified Information Systems Security Professional (CISSP),Introvert,Technical,No,No,Yes
93,68,94,73,57,74,81,3,IT Project Manager,Certified ScrumMaster (CSM),Extravert,Technical,No,No,Yes
89,57,63,60,83,59,69,5,Data Scientist,Certified Analytics Professional (CAP),Introvert,Technical,Yes,No,No
86,93,72,93,65,100,92,5,Cybersecurity Specialist,CompTIA Security+,Introvert,Management,No,Yes,No
91,51,93,56,76,65,91,2,Systems Administrator,CompTIA Linux+,Introvert,Technical,No,Yes,No
76,95,60,84,85,66,76,2,Cybersecurity Specialist,CompTIA Security+,Extravert,Management,No,No,No
75,81,82,97,63,83,87,1,Database Administrator,MongoDB Certified DBA,Introvert,Technical,No,No,Yes
89,76,90,58,89,65,70,2,Cybersecurity Specialist,Certified Ethical Hacker (CEH),Extravert,Technical,No,Yes,Yes
62,71,66,61,98,66,85,1,DevOps Engineer,Certified Kubernetes Administrator (CKA),Extravert,Technical,No,Yes,No
54,95,51,98,68,56,85,2,DevOps Engineer,Docker Certified Associate (DCA),Introvert,Technical,Yes,Yes,Yes
86,91,52,87,65,60,93,3,Data Scientist,Google Professional Data Engineer,Extravert,Technical,No,No,Yes
74,81,78,99,74,90,90,3,Software Developer,Oracle Certified Professional: Java SE,Extravert,Management,No,No,Yes
54,87,73,81,51,89,60,4,Data Scientist,Certified Analytics Professional (CAP),Extravert,Technical,No,Yes,No
51,69,73,53,66,51,57,4,Systems Administrator,Red Hat Certified System Administrator (RHCSA),Extravert,Management,No,No,No
66,57,97,69,77,100,81,3,Database Administrator,MongoDB Certified DBA,Extravert,Management,No,Yes,Yes
94,100,73,62,93,76,84,2,Systems Administrator,Red Hat Certified System Administrator (RHCSA),Introvert,Management,Yes,Yes,Yes
96,53,83,57,95,73,63,6,Cybersecurity Specialist,CompTIA Security+,Extravert,Technical,Yes,Yes,Yes
53,88,88,56,76,80,83,1,IT Project Manager,CompTIA Project+,Extravert,Technical,Yes,Yes,Yes
68,83,88,53,87,64,59,3,Software Developer,Oracle Certified Professional: Java SE,Introvert,Technical,No,Yes,No
53,52,81,60,67,96,74,3,Data Scientist,Microsoft Certified: Azure Data Scientist Associate,Introvert,Management,Yes,No,Yes
67,68,90,100,56,100,62,1,IT Project Manager,Project Management Professional (PMP),Extravert,Management,Yes,Yes,Yes
50,94,96,93,100,80,84,6,DevOps Engineer,AWS Certified DevOps Engineer,Introvert,Management,Yes,No,Yes
85,68,54,50,70,83,66,4,Systems Administrator,CompTIA Linux+,Extravert,Management,Yes,No,No
99,56,61,84,73,91,93,4,Database Administrator,MongoDB Certified DBA,Introvert,Management,Yes,Yes,Yes
95,61,95,72,90,58,69,3,Cybersecurity Specialist,Certified Information Systems Security Professional (CISSP),Extravert,Management,No,No,Yes
77,91,60,63,84,86,88,1,Systems Administrator,Red Hat Certified System Administrator (RHCSA),Extravert,Technical,Yes,No,Yes
100,80,88,92,73,52,70,1,Network Engineer,Cisco Certified Network Associate (CCNA),Introvert,Management,No,No,No
93,55,81,95,80,62,77,3,Cybersecurity Specialist,Certified Information Systems Security Professional (CISSP),Extravert,Management,No,No,Yes
67,79,57,53,82,91,67,3,IT Support Specialist,CompTIA A+,Introvert,Management,No,No,No
82,99,79,96,75,82,96,2,DevOps Engineer,Docker Certified Associate (DCA),Introvert,Management,Yes,Yes,No
89,89,58,57,51,95,78,1,Data Scientist,Certified Analytics Professional (CAP),Introvert,Management,No,No,No
66,51,96,77,87,79,57,1,Data Scientist,Microsoft Certified: Azure Data Scientist Associate,Introvert,Management,No,Yes,Yes
52,74,83,96,73,98,50,4,Data Scientist,Microsoft Certified: Azure Data Scientist Associate,Extravert,Management,Yes,Yes,Yes
81,77,97,70,59,73,87,3,IT Project Manager,Project Management Professional (PMP),Extravert,Management,No,No,No
88,76,77,94,80,92,58,1,Data Scientist,Google Professional Data Engineer,Extravert,Management,No,Yes,Yes
82,71,58,73,50,73,54,5,Data Scientist,Microsoft Certified: Azure Data Scientist Associate,Extravert,Management,Yes,Yes,No
97,98,87,74,64,67,82,4,Network Engineer,Cisco Certified Network Associate (CCNA),Extravert,Management,Yes,No,No
50,89,67,68,96,54,82,2,Cybersecurity Specialist,CompTIA Security+,Extravert,Technical,No,Yes,Yes
84,72,73,75,59,70,92,3,Database Administrator,Oracle Certified Professional (OCP),Introvert,Management,No,Yes,No
97,95,77,71,70,94,86,4,Database Administrator,Oracle Certified Professional (OCP),Extravert,Technical,No,Yes,No
56,77,74,55,85,81,53,2,Network Engineer,Cisco Certified Network Professional (CCNP),Extravert,Technical,No,No,No
75,64,100,51,70,50,90,4,Software Developer,Microsoft Certified: Azure Developer Associate,Introvert,Management,Yes,Yes,Yes
67,63,54,55,77,63,96,3,Database Administrator,Oracle Certified Professional (OCP),Extravert,Management,Yes,Yes,No
88,72,83,82,100,62,55,1,Cybersecurity Specialist,Certified Information Systems Security Professional (CISSP),Extravert,Management,Yes,Yes,No
72,83,74,76,82,62,99,1,IT Support Specialist,CompTIA A+,Introvert,Technical,No,Yes,No
75,61,50,50,61,76,89,2,Cybersecurity Specialist,CompTIA Security+,Extravert,Technical,No,Yes,Yes
52,64,61,80,83,77,98,6,Database Administrator,Microsoft Certified: Azure Database Administrator Associate,Introvert,Technical,Yes,No,No
68,62,51,96,61,70,73,4,Systems Administrator,Red Hat Certified System Administrator (RHCSA),Extravert,Technical,Yes,No,No
83,56,63,76,61,65,82,1,Database Administrator,Oracle Certified Professional (OCP),Introvert,Technical,Yes,Yes,Yes
97,68,73,70,71,78,55,3,IT Project Manager,CompTIA Project+,Introvert,Technical,Yes,Yes,Yes
93,96,52,55,61,75,63,3,DevOps Engineer,Docker Certified Associate (DCA),Introvert,Technical,Yes,Yes,No
50,65,82,76,71,71,84,2,Data Scientist,Microsoft Certified: Azure Data Scientist Associate,Introvert,Technical,No,No,Yes
74,90,78,89,80,82,98,4,IT Project Manager,CompTIA Project+,Extravert,Technical,No,Yes,No
72,72,58,75,66,94,80,3,DevOps Engineer,AWS Certified DevOps Engineer,Introvert,Management,Yes,No,No
71,86,98,87,96,83,95,3,Data Scientist,Google Professional Data Engineer,Introvert,Technical,Yes,Yes,No
92,56,73,90,95,89,60,5,Software Developer,Microsoft Certified: Azure Developer Associate,Extravert,Technical,Yes,No,Yes
76,91,61,75,59,71,51,1,Data Scientist,Certified Analytics Professional (CAP),Extravert,Technical,No,Yes,No
69,78,51,71,70,62,75,1,IT Project Manager,CompTIA Project+,Introvert,Management,No,No,No
85,64,100,89,72,69,81,3,Software Developer,Microsoft Certified: Azure Developer Associate,Introvert,Technical,Yes,Yes,Yes
56,87,88,99,84,53,55,3,Data Scientist,Google Professional Data Engineer,Introvert,Technical,Yes,Yes,Yes
93,74,61,68,57,81,87,2,Network Engineer,Cisco Certified Network Associate (CCNA),Extravert,Technical,No,Yes,Yes
86,92,85,67,58,65,98,1,DevOps Engineer,Certified Kubernetes Administrator (CKA),Extravert,Management,No,No,No
50,80,84,67,67,72,54,1,Systems Administrator,CompTIA Linux+,Extravert,Management,No,Yes,No
65,89,70,89,71,55,66,3,Network Engineer,Cisco Certified Network Professional (CCNP),Introvert,Technical,No,No,Yes
99,90,64,76,99,89,94,3,Network Engineer,Cisco Certified Network Associate (CCNA),Introvert,Technical,Yes,Yes,Yes
57,69,61,75,55,68,87,3,IT Support Specialist,Microsoft Certified: Modern Desktop Administrator Associate,Introvert,Technical,No,No,Yes
51,75,91,71,67,53,55,3,DevOps Engineer,Certified Kubernetes Administrator (CKA),Extravert,Technical,No,Yes,Yes
77,78,86,70,57,58,71,1,IT Support Specialist,CompTIA A+,Extravert,Technical,Yes,No,Yes
55,91,56,54,80,83,77,3,Cybersecurity Specialist,Certified Ethical Hacker (CEH),Introvert,Technical,Yes,No,Yes
64,58,65,86,77,61,85,4,DevOps Engineer,Docker Certified Associate (DCA),Introvert,Technical,No,No,Yes
75,51,84,93,69,67,84,6,Cybersecurity Specialist,Certified Information Systems Security Professional (CISSP),Introvert,Technical,Yes,Yes,Yes
100,94,62,79,60,77,81,3,DevOps Engineer,AWS Certified DevOps Engineer,Extravert,Technical,Yes,No,No
73,60,91,95,61,83,54,4,DevOps Engineer,Docker Certified Associate (DCA),Introvert,Technical,Yes,Yes,No
60,87,99,65,69,80,97,3,Network Engineer,Cisco Certified Network Associate (CCNA),Extravert,Management,No,No,Yes
97,50,82,56,98,52,73,4,Systems Administrator,CompTIA Linux+,Extravert,Management,Yes,Yes,Yes
54,53,64,82,75,63,60,2,Systems Administrator,CompTIA Linux+,Introvert,Management,Yes,No,No
59,80,53,89,98,73,73,1,Database Administrator,MongoDB Certified DBA,Introvert,Management,Yes,Yes,No
58,81,64,53,51,100,65,3,Database Administrator,MongoDB Certified DBA,Extravert,Management,No,Yes,No
56,90,100,84,93,83,67,5,IT Project Manager,CompTIA Project+,Extravert,Technical,Yes,Yes,Yes
75,53,74,69,55,70,86,1,Software Developer,Microsoft Certified: Azure Developer Associate,Extravert,Technical,No,No,No
83,96,72,79,98,95,84,5,DevOps Engineer,Docker Certified Associate (DCA),Extravert,Management,No,Yes,No
96,77,57,88,70,70,88,2,DevOps Engineer,Docker Certified Associate (DCA),Introvert,Technical,No,No,Yes
81,79,61,86,83,99,81,2,Database Administrator,Microsoft Certified: Azure Database Administrator Associate,Extravert,Technical,Yes,Yes,Yes
79,71,50,97,98,83,83,1,IT Project Manager,Certified ScrumMaster (CSM),Introvert,Technical,Yes,No,Yes
64,86,91,94,74,81,53,3,Cybersecurity Specialist,Certified Information Systems Security Professional (CISSP),Introvert,Technical,Yes,Yes,No
99,55,89,94,84,66,85,1,Systems Administrator,Red Hat Certified System Administrator (RHCSA),Introvert,Technical,Yes,No,No
87,75,69,67,56,90,94,2,Systems Administrator,CompTIA Linux+,Introvert,Technical,Yes,No,No
92,54,59,77,53,71,96,1,Network Engineer,Cisco Certified Network Professional (CCNP),Introvert,Technical,No,Yes,Yes
56,82,62,76,74,85,57,2,Network Engineer,Cisco Certified Network Associate (CCNA),Introvert,Technical,Yes,Yes,No
54,52,88,74,78,69,69,3,Systems Administrator,Red Hat Certified System Administrator (RHCSA),Extravert,Technical,No,Yes,Yes
66,51,94,96,89,96,81,1,Network Engineer,Cisco Certified Network Associate (CCNA),Introvert,Technical,Yes,No,Yes
57,60,82,77,78,67,58,2,DevOps Engineer,Certified Kubernetes Administrator (CKA),Introvert,Technical,No,Yes,Yes
74,64,92,68,96,72,93,1,Systems Administrator,CompTIA Linux+,Introvert,Technical,No,No,Yes
61,63,55,75,94,75,82,6,Database Administrator,Microsoft Certified: Azure Database Administrator Associate,Introvert,Management,Yes,Yes,Yes
81,88,88,95,56,88,98,2,IT Support Specialist,CompTIA A+,Extravert,Management,Yes,Yes,Yes
61,99,80,82,62,53,57,1,DevOps Engineer,Certified Kubernetes Administrator (CKA),Extravert,Technical,Yes,No,Yes
83,95,99,99,92,88,62,2,Systems Administrator,Microsoft Certified: Azure Administrator Associate,Introvert,Management,No,No,No
68,93,53,55,59,55,73,1,Systems Administrator,Red Hat Certified System Administrator (RHCSA),Introvert,Technical,No,No,Yes
86,82,91,61,91,88,65,2,Systems Administrator,Red Hat Certified System Administrator (RHCSA),Extravert,Technical,No,No,No
96,80,89,85,57,80,60,4,Network Engineer,Cisco Certified Network Associate (CCNA),Introvert,Technical,No,No,No
59,85,77,58,94,97,62,4,DevOps Engineer,Certified Kubernetes Administrator (CKA),Extravert,Management,Yes,Yes,No
83,78,75,54,74,58,55,3,Data Scientist,Microsoft Certified: Azure Data Scientist Associate,Extravert,Management,No,No,Yes
93,57,98,53,60,57,80,3,Cybersecurity Specialist,Certified Information Systems Security Professional (CISSP),Extravert,Technical,Yes,Yes,No
54,90,76,88,63,66,91,3,IT Support Specialist,CompTIA A+,Extravert,Management,Yes,No,No
73,73,97,68,90,83,74,3,Systems Administrator,CompTIA Linux+,Extravert,Technical,Yes,No,No
71,61,90,66,54,86,55,6,Software Developer,Microsoft Certified: Azure Developer Associate,Extravert,Technical,Yes,Yes,Yes
64,95,99,84,76,57,98,1,Network Engineer,Cisco Certified Network Associate (CCNA),Extravert,Technical,No,Yes,No
63,96,70,62,83,83,64,1,IT Project Manager,Certified ScrumMaster (CSM),Extravert,Management,No,No,Yes
78,78,72,94,82,52,93,2,Cybersecurity Specialist,CompTIA Security+,Introvert,Technical,Yes,Yes,No
53,66,60,76,97,66,95,4,IT Project Manager,Certified ScrumMaster (CSM),Introvert,Technical,No,Yes,No
62,58,78,83,71,66,67,6,Database Administrator,Oracle Certified Professional (OCP),Introvert,Management,Yes,No,Yes
72,74,68,66,92,70,59,5,IT Support Specialist,CompTIA A+,Extravert,Management,Yes,No,Yes
52,100,57,100,92,62,62,1,IT Support Specialist,HDI Desktop Support Technician (HDI-DST),Extravert,Management,Yes,Yes,No
69,64,64,99,57,94,93,6,IT Support Specialist,HDI Desktop Support Technician (HDI-DST),Extravert,Technical,Yes,No,No
91,75,65,93,75,83,98,1,Network Engineer,Cisco Certified Network Professional (CCNP),Introvert,Technical,Yes,No,No
96,58,93,92,59,62,95,3,Data Scientist,Google Professional Data Engineer,Introvert,Management,No,No,Yes
58,61,60,78,90,96,91,5,Systems Administrator,CompTIA Linux+,Introvert,Management,Yes,Yes,No
76,54,62,100,54,51,92,6,Cybersecurity Specialist,CompTIA Security+,Extravert,Management,No,Yes,No
73,88,58,80,67,69,85,6,Database Administrator,MongoDB Certified DBA,Extravert,Technical,No,No,No
72,77,84,70,81,59,97,6,Database Administrator,MongoDB Certified DBA,Introvert,Management,No,Yes,Yes
77,75,72,62,84,50,52,3,Data Scientist,Google Professional Data Engineer,Introvert,Management,Yes,No,No
51,53,93,99,99,91,66,1,IT Project Manager,Project Management Professional (PMP),Extravert,Management,Yes,No,No
89,65,62,75,80,75,88,4,IT Project Manager,CompTIA Project+,Introvert,Management,No,Yes,No
74,95,94,65,64,87,50,1,Network Engineer,Cisco Certified Network Associate (CCNA),Introvert,Technical,Yes,No,No
95,100,69,69,82,83,68,6,Data Scientist,Certified Analytics Professional (CAP),Extravert,Management,Yes,Yes,No
54,94,52,95,99,76,80,3,Systems Administrator,Microsoft Certified: Azure Administrator Associate,Extravert,Management,Yes,No,No
55,63,51,73,94,53,96,2,IT Support Specialist,Microsoft Certified: Modern Desktop Administrator Associate,Introvert,Technical,Yes,No,No
99,69,57,81,53,51,71,4,Systems Administrator,Microsoft Certified: Azure Administrator Associate,Introvert,Technical,Yes,Yes,Yes
74,67,59,71,62,82,75,2,Cybersecurity Specialist,Certified Information Systems Security Professional (CISSP),Introvert,Technical,Yes,No,Yes
76,60,51,86,81,60,83,4,IT Project Manager,CompTIA Project+,Introvert,Technical,No,Yes,Yes
63,74,75,51,82,84,81,3,IT Support Specialist,Microsoft Certified: Modern Desktop Administrator Associate,Extravert,Technical,No,No,No
87,97,68,65,94,83,86,6,Cybersecurity Specialist,Certified Information Systems Security Professional (CISSP),Introvert,Management,No,Yes,Yes
57,79,98,96,66,52,61,2,Network Engineer,Cisco Certified Network Associate (CCNA),Extravert,Management,Yes,No,Yes
70,83,94,82,57,86,78,4,Data Scientist,Certified Analytics Professional (CAP),Introvert,Management,Yes,No,Yes
80,77,55,95,71,93,63,5,Database Administrator,Oracle Certified Professional (OCP),Extravert,Management,No,No,Yes
59,96,97,53,92,82,65,4,Systems Administrator,Microsoft Certified: Azure Administrator Associate,Extravert,Management,Yes,Yes,Yes
52,94,87,91,77,95,60,2,Data Scientist,Microsoft Certified: Azure Data Scientist Associate,Extravert,Technical,Yes,Yes,No
53,73,91,67,54,77,66,3,IT Support Specialist,HDI Desktop Support Technician (HDI-DST),Introvert,Technical,Yes,Yes,No
78,98,67,89,65,73,50,4,Systems Administrator,Red Hat Certified System Administrator (RHCSA),Extravert,Management,No,No,No
51,77,58,54,69,51,98,2,IT Project Manager,Project Management Professional (PMP),Extravert,Management,Yes,No,Yes
75,81,81,53,65,51,64,2,Database Administrator,MongoDB Certified DBA,Extravert,Technical,No,Yes,Yes
81,96,91,75,95,50,51,4,Cybersecurity Specialist,Certified Information Systems Security Professional (CISSP),Extravert,Technical,Yes,Yes,No
65,92,71,61,93,91,80,1,Cybersecurity Specialist,Certified Ethical Hacker (CEH),Extravert,Management,Yes,No,Yes
89,80,57,99,76,100,73,3,Cybersecurity Specialist,Certified Ethical Hacker (CEH),Extravert,Management,No,Yes,No
79,57,64,98,59,85,70,6,Software Developer,Microsoft Certified: Azure Developer Associate,Introvert,Management,Yes,No,Yes
98,96,93,75,87,93,76,1,Software Developer,Oracle Certified Professional: Java SE,Extravert,Management,Yes,Yes,Yes
67,63,64,100,62,54,82,2,IT Support Specialist,CompTIA A+,Introvert,Management,No,No,Yes
53,54,95,96,65,80,68,4,IT Project Manager,CompTIA A+,Extravert,Management,No,Yes,No
79,63,99,85,74,73,89,1,Systems Administrator,Red Hat Certified System Administrator (RHCSA),Extravert,Management,No,Yes,Yes
83,77,77,79,92,86,66,1,Cybersecurity Specialist,CompTIA Security+,Extravert,Management,Yes,No,Yes
82,85,95,63,75,92,74,4,IT Support Specialist,Microsoft Certified: Modern Desktop Administrator Associate,Extravert,Technical,No,Yes,Yes
71,50,59,63,71,57,77,3,Systems Administrator,CompTIA Linux+,Introvert,Technical,Yes,No,No
51,58,94,58,90,83,59,3,Cybersecurity Specialist,CompTIA Security+,Extravert,Technical,No,No,No
75,82,80,53,67,68,73,6,DevOps Engineer,Docker Certified Associate (DCA),Extravert,Technical,Yes,Yes,Yes
86,99,85,59,95,64,88,4,IT Project Manager,Certified ScrumMaster (CSM),Extravert,Technical,Yes,No,Yes
95,94,82,70,92,67,87,3,Database Administrator,MongoDB Certified DBA,Extravert,Management,Yes,Yes,No
85,77,92,50,62,73,65,2,Cybersecurity Specialist,Certified Ethical Hacker (CEH),Introvert,Technical,No,No,No
94,53,58,63,95,88,79,1,IT Project Manager,CompTIA Project+,Extravert,Management,No,Yes,No
99,73,71,67,90,69,88,2,IT Support Specialist,CompTIA A+,Introvert,Management,Yes,No,Yes
52,98,66,67,89,73,83,3,IT Project Manager,Certified ScrumMaster (CSM),Introvert,Technical,No,No,No
59,100,80,91,88,61,91,3,IT Support Specialist,HDI Desktop Support Technician (HDI-DST),Introvert,Management,No,No,Yes
73,66,86,54,69,68,88,4,IT Support Specialist,CompTIA A+,Introvert,Management,Yes,Yes,No
55,96,71,51,99,60,52,3,Cybersecurity Specialist,Certified Ethical Hacker (CEH),Introvert,Technical,Yes,No,No
75,76,83,63,64,85,57,1,Software Developer,Oracle Certified Professional: Java SE,Introvert,Management,Yes,Yes,Yes
58,57,89,95,68,91,51,1,Systems Administrator,Red Hat Certified System Administrator (RHCSA),Introvert,Management,No,No,No
90,62,89,53,97,84,71,1,Data Scientist,Microsoft Certified: Azure Data Scientist Associate,Introvert,Management,No,No,No
56,57,53,62,99,83,78,2,Systems Administrator,CompTIA Linux+,Extravert,Technical,Yes,Yes,No
63,66,86,70,51,77,63,2,Systems Administrator,CompTIA Linux+,Extravert,Management,Yes,No,No
73,98,61,90,90,74,51,1,Network Engineer,Cisco Certified Network Associate (CCNA),Introvert,Management,Yes,Yes,Yes
50,50,91,86,55,50,60,6,Software Developer,Oracle Certified Professional: Java SE,Extravert,Management,No,Yes,No
99,77,58,61,66,58,86,1,IT Support Specialist,CompTIA A+,Extravert,Management,No,No,Yes
84,67,90,78,55,80,71,3,Network Engineer,Cisco Certified Network Professional (CCNP),Extravert,Technical,No,Yes,No
71,96,61,88,53,86,77,3,Database Administrator,Microsoft Certified: Azure Database Administrator Associate,Extravert,Management,No,Yes,Yes
96,71,94,67,75,67,65,2,Data Scientist,Microsoft Certified: Azure Data Scientist Associate,Extravert,Management,Yes,No,Yes
86,83,56,64,87,89,55,1,IT Support Specialist,CompTIA A+,Extravert,Management,No,No,No
67,85,51,63,96,79,78,5,Network Engineer,Cisco Certified Network Associate (CCNA),Extravert,Technical,No,Yes,Yes
68,94,59,91,69,64,82,1,Systems Administrator,Red Hat Certified System Administrator (RHCSA),Extravert,Technical,No,No,No
86,90,59,100,84,90,67,1,Data Scientist,Google Professional Data Engineer,Extravert,Technical,Yes,No,Yes
83,72,54,72,96,81,61,3,IT Support Specialist,HDI Desktop Support Technician (HDI-DST),Introvert,Technical,Yes,Yes,Yes
79,91,91,97,53,52,75,3,Data Scientist, Microsoft Certified: Azure Data Scientist Associate,Extravert,Management,No,No,No
94,69,85,59,85,76,65,2,Data Scientist,Google Professional Data Engineer,Extravert,Management,No,Yes,Yes
98,63,51,58,93,69,74,3,Cybersecurity Specialist,Certified Ethical Hacker (CEH),Introvert,Management,No,No,Yes
93,81,78,95,82,55,97,4,IT Project Manager,CompTIA Project+,Introvert,Technical,No,Yes,Yes
67,52,76,93,88,77,56,3,IT Project Manager,Project Management Professional (PMP),Introvert,Technical,No,No,Yes
73,73,52,85,73,62,58,1,Cybersecurity Specialist,Certified Ethical Hacker (CEH),Extravert,Technical,No,Yes,No
64,87,69,59,52,50,100,4,Data Scientist,Microsoft Certified: Azure Data Scientist Associate,Extravert,Management,No,Yes,Yes
81,65,90,96,84,75,72,1,Data Scientist,Certified Analytics Professional (CAP),Introvert,Management,Yes,No,Yes
58,67,69,97,66,89,99,3,IT Support Specialist, HDI Desktop Support Technician (HDI-DST),Introvert,Technical,No,No,Yes
62,91,50,88,99,73,59,2,Systems Administrator,Red Hat Certified System Administrator (RHCSA),Extravert,Technical,No,Yes,No
83,51,96,80,72,100,99,1,IT Support Specialist,CompTIA A+,Extravert,Technical,No,No,Yes
80,59,81,83,94,75,69,6,Data Scientist,Microsoft Certified: Azure Data Scientist Associate,Extravert,Technical,Yes,Yes,Yes
82,60,80,92,82,95,59,4,Network Engineer, Cisco Certified Network Associate (CCNA),Introvert,Technical,No,Yes,No
96,79,65,71,95,91,59,2,IT Project Manager,Certified ScrumMaster (CSM),Introvert,Technical,No,Yes,Yes
60,76,64,56,81,70,58,3,DevOps Engineer,AWS Certified DevOps Engineer,Introvert,Technical,Yes,No,Yes
53,63,55,77,65,100,78,3,Database Administrator,Oracle Certified Professional (OCP),Extravert,Technical,Yes,Yes,No
96,80,62,90,80,100,100,3,Software Developer,Certified Secure Software Lifecycle Professional (CSSLP),Extravert,Management,Yes,Yes,No
52,87,88,66,53,56,53,2,Systems Administrator, Red Hat Certified System Administrator (RHCSA),Extravert,Technical,No,Yes,No
58,79,59,60,68,79,97,2,Database Administrator,MongoDB Certified DBA,Extravert,Technical,No,Yes,Yes
89,85,99,82,65,92,86,1,Data Scientist,Microsoft Certified: Azure Data Scientist Associate,Extravert,Technical,Yes,Yes,No
88,54,67,65,55,91,84,2,Cybersecurity Specialist,Certified Information Systems Security Professional (CISSP),Extravert,Technical,Yes,Yes,No
64,85,93,63,76,53,98,5,DevOps Engineer,Certified Kubernetes Administrator (CKA),Introvert,Management,Yes,Yes,No
50,72,73,65,86,58,87,6,Cybersecurity Specialist,Certified Ethical Hacker (CEH),Extravert,Technical,Yes,No,Yes
84,72,58,94,91,81,73,1,DevOps Engineer,Docker Certified Associate (DCA),Extravert,Management,Yes,Yes,Yes
65,61,97,66,83,52,85,2,DevOps Engineer,AWS Certified DevOps Engineer,Introvert,Management,Yes,Yes,Yes
75,80,55,89,94,93,74,3,IT Support Specialist,HDI Desktop Support Technician (HDI-DST),Introvert,Technical,Yes,No,No
57,54,66,79,91,70,62,1,Network Engineer,Cisco Certified Network Associate (CCNA),Introvert,Technical,Yes,No,No
80,83,65,64,68,75,71,3,Database Administrator,MongoDB Certified DBA,Extravert,Management,Yes,No,Yes
52,80,94,68,60,94,88,3,DevOps Engineer,Docker Certified Associate (DCA),Extravert,Technical,No,Yes,Yes
78,87,97,79,91,52,67,1,Cybersecurity Specialist,Certified Information Systems Security Professional (CISSP),Extravert,Technical,Yes,No,No
85,51,72,50,69,54,82,3,IT Project Manager,CompTIA Project+,Extravert,Technical,Yes,No,No
87,98,70,94,79,85,77,2,IT Support Specialist,Microsoft Certified: Modern Desktop Administrator Associate,Extravert,Management,No,Yes,Yes
82,54,66,83,91,74,97,3,DevOps Engineer,Certified Kubernetes Administrator (CKA),Introvert,Management,Yes,No,Yes
59,50,77,89,55,83,55,6,Software Developer,Oracle Certified Professional: Java SE,Extravert,Technical,Yes,Yes,Yes
87,67,76,62,66,56,71,1,DevOps Engineer,Docker Certified Associate (DCA),Extravert,Technical,No,Yes,Yes
53,94,54,83,51,73,66,1,Systems Administrator,Microsoft Certified: Azure Administrator Associate,Introvert,Management,No,Yes,Yes
100,91,100,72,65,100,62,3,Database Administrator,Microsoft Certified: Azure Database Administrator Associate,Extravert,Technical,Yes,No,Yes
77,99,62,58,59,71,70,6,Systems Administrator,Microsoft Certified: Azure Administrator Associate,Extravert,Management,Yes,No,No
67,97,53,82,85,77,99,3,Data Scientist,Google Professional Data Engineer,Extravert,Technical,Yes,Yes,Yes
86,63,84,69,51,92,99,2,Cybersecurity Specialist,CompTIA Security+,Introvert,Technical,No,Yes,Yes
94,58,63,71,57,86,71,3,Database Administrator,Microsoft Certified: Azure Database Administrator Associate,Extravert,Technical,Yes,Yes,Yes
93,50,73,70,60,94,95,2,Systems Administrator,CompTIA Linux+,Introvert,Technical,No,Yes,No
80,83,59,56,74,84,76,4,IT Support Specialist,HDI Desktop Support Technician (HDI-DST),Extravert,Management,Yes,No,Yes
95,86,56,96,97,60,80,6,Network Engineer,Cisco Certified Network Associate (CCNA),Extravert,Management,No,Yes,Yes
51,92,98,52,94,95,89,2,Cybersecurity Specialist,Certified Ethical Hacker (CEH),Extravert,Management,No,No,No
73,80,88,99,78,53,95,2,Data Scientist,Google Professional Data Engineer,Introvert,Management,Yes,No,No
86,97,78,74,60,97,73,3,Systems Administrator,Microsoft Certified: Azure Administrator Associate,Extravert,Management,Yes,Yes,Yes
84,99,67,60,61,91,97,1,Network Engineer,Cisco Certified Network Associate (CCNA),Introvert,Technical,Yes,No,Yes
69,64,51,52,88,88,93,4,Software Developer,Microsoft Certified: Azure Developer Associate,Extravert,Management,Yes,No,No
55,66,67,82,93,73,81,3,Network Engineer,Cisco Certified Network Associate (CCNA),Extravert,Management,Yes,Yes,No
97,84,95,77,70,82,58,4,Network Engineer,Cisco Certified Network Associate (CCNA),Introvert,Technical,Yes,Yes,Yes
64,60,81,50,96,67,50,4,Network Engineer,Cisco Certified Network Associate (CCNA),Extravert,Technical,No,No,No
93,56,97,59,85,65,77,3,Network Engineer,Cisco Certified Network Professional (CCNP),Introvert,Technical,Yes,Yes,Yes
86,62,96,78,70,58,62,2,IT Project Manager,Project Management Professional (PMP),Extravert,Management,No,Yes,Yes
65,72,64,86,52,87,56,2,Network Engineer,Cisco Certified Network Professional (CCNP),Introvert,Management,Yes,No,Yes
52,77,89,54,56,62,85,2,DevOps Engineer,AWS Certified DevOps Engineer,Introvert,Management,No,Yes,No
51,97,89,51,75,53,88,3,Network Engineer,Cisco Certified Network Professional (CCNP),Extravert,Management,Yes,Yes,No
60,86,79,60,60,53,99,3,IT Support Specialist,CompTIA A+,Introvert,Technical,No,No,Yes
67,94,78,73,65,82,52,1,Database Administrator,MongoDB Certified DBA,Introvert,Management,Yes,No,No
74,82,67,91,99,55,78,3,Database Administrator,MongoDB Certified DBA,Extravert,Management,No,Yes,No
77,56,95,66,99,99,76,2,IT Support Specialist,CompTIA A+,Introvert,Technical,Yes,No,No
51,58,56,59,61,93,80,3,Network Engineer,Cisco Certified Network Associate (CCNA),Extravert,Technical,No,No,No
98,69,94,65,72,67,88,4,Data Scientist,Microsoft Certified: Azure Data Scientist Associate,Introvert,Management,Yes,Yes,Yes
70,96,65,80,87,59,77,2,Software Developer,Microsoft Certified: Azure Developer Associate,Introvert,Management,Yes,Yes,Yes
64,56,100,92,70,90,87,2,Systems Administrator,Red Hat Certified System Administrator (RHCSA),Introvert,Management,No,Yes,No
82,81,95,90,59,93,93,1,Cybersecurity Specialist,Certified Information Systems Security Professional (CISSP),Introvert,Management,Yes,Yes,No
58,51,73,62,82,70,74,3,Software Developer,Certified Secure Software Lifecycle Professional (CSSLP),Extravert,Management,Yes,Yes,No
54,69,79,60,70,79,97,3,Data Scientist,Microsoft Certified: Azure Data Scientist Associate,Extravert,Technical,No,Yes,Yes
97,89,89,53,99,78,61,1,Network Engineer,Cisco Certified Network Associate (CCNA),Introvert,Technical,Yes,Yes,Yes
89,60,58,62,70,63,73,2,Database Administrator,Oracle Certified Professional (OCP),Introvert,Technical,Yes,Yes,Yes
64,77,64,64,87,76,82,2,Database Administrator,Microsoft Certified: Azure Database Administrator Associate,Extravert,Management,Yes,No,Yes
55,78,74,96,61,76,57,3,Database Administrator,MongoDB Certified DBA,Extravert,Management,Yes,Yes,No
70,73,74,62,94,71,93,1,Cybersecurity Specialist,Certified Information Systems Security Professional (CISSP),Extravert,Management,No,Yes,Yes
64,76,87,78,96,68,54,3,IT Support Specialist,HDI Desktop Support Technician (HDI-DST),Extravert,Management,Yes,Yes,No
74,100,56,84,65,100,72,3,Cybersecurity Specialist,Certified Information Systems Security Professional (CISSP),Introvert,Technical,Yes,Yes,No
50,82,76,67,67,92,92,2,Systems Administrator,CompTIA Linux+,Extravert,Management,Yes,No,No
74,91,88,56,93,59,94,2,Data Scientist,Google Professional Data Engineer,Extravert,Technical,No,No,No
64,89,88,83,51,50,59,5,IT Project Manager,Certified ScrumMaster (CSM),Introvert,Management,No,Yes,Yes
98,56,55,50,73,63,90,2,Systems Administrator,Red Hat Certified System Administrator (RHCSA),Extravert,Management,No,Yes,No
73,53,94,84,63,75,91,1,Data Scientist,Microsoft Certified: Azure Data Scientist Associate,Extravert,Management,Yes,Yes,Yes
77,86,78,50,96,56,64,5,Systems Administrator,Microsoft Certified: Azure Administrator Associate,Introvert,Management,Yes,No,No
91,74,50,70,51,71,79,3,IT Project Manager,Project Management Professional (PMP),Introvert,Technical,Yes,Yes,Yes
98,70,79,53,95,63,51,2,Database Administrator,Oracle Certified Professional (OCP),Extravert,Management,No,Yes,No
51,56,78,95,86,55,62,5,Systems Administrator,Microsoft Certified: Azure Administrator Associate,Extravert,Management,No,Yes,No
86,82,69,98,79,88,89,4,Network Engineer,Cisco Certified Network Associate (CCNA),Introvert,Management,Yes,Yes,Yes
73,86,53,91,68,52,94,3,Network Engineer,Cisco Certified Network Associate (CCNA),Introvert,Management,Yes,No,Yes
66,98,96,96,78,85,91,1,DevOps Engineer,Docker Certified Associate (DCA),Introvert,Management,No,No,No
77,100,70,70,58,98,100,3,Data Scientist,Certified Analytics Professional (CAP),Extravert,Management,No,Yes,No
72,76,70,83,89,70,53,1,Systems Administrator,CompTIA Linux+,Extravert,Technical,Yes,No,Yes
88,75,58,74,66,66,91,4,Systems Administrator,Red Hat Certified System Administrator (RHCSA),Introvert,Technical,No,No,Yes
54,64,96,76,82,73,91,1,Network Engineer,Cisco Certified Network Professional (CCNP),Extravert,Technical,Yes,Yes,No
98,95,73,95,96,71,56,2,IT Project Manager,Project Management Professional (PMP),Extravert,Technical,Yes,Yes,No
86,72,65,78,99,75,83,6,IT Project Manager,Certified ScrumMaster (CSM),Introvert,Technical,Yes,Yes,Yes
94,65,88,66,79,71,69,3,Software Developer,Microsoft Certified: Azure Developer Associate,Extravert,Technical,Yes,Yes,No
62,88,51,86,86,91,77,1,Database Administrator,Microsoft Certified: Azure Database Administrator Associate,Extravert,Management,Yes,No,No
59,77,66,85,77,72,51,1,Cybersecurity Specialist,Certified Ethical Hacker (CEH),Introvert,Technical,No,Yes,Yes
86,68,55,56,57,54,95,4,IT Support Specialist,HDI Desktop Support Technician (HDI-DST),Extravert,Technical,No,Yes,No
75,54,65,75,55,87,70,6,Systems Administrator,Red Hat Certified System Administrator (RHCSA),Extravert,Technical,Yes,No,No
90,95,73,88,92,98,61,1,IT Support Specialist,HDI Desktop Support Technician (HDI-DST),Introvert,Technical,Yes,No,Yes
83,99,58,67,62,79,61,4,DevOps Engineer,AWS Certified DevOps Engineer,Extravert,Management,Yes,Yes,No
84,95,94,65,92,67,81,6,Software Developer,Microsoft Certified: Azure Developer Associate,Introvert,Management,No,No,Yes
100,84,55,68,75,66,56,4,DevOps Engineer,Certified Kubernetes Administrator (CKA),Introvert,Technical,Yes,No,Yes
71,71,73,95,95,78,96,5,IT Support Specialist,CompTIA A+,Extravert,Technical,No,No,Yes
94,98,57,70,98,54,63,2,Cybersecurity Specialist,Certified Information Systems Security Professional (CISSP),Extravert,Management,Yes,No,Yes
79,77,85,84,56,76,70,6,Database Administrator,Oracle Certified Professional (OCP),Introvert,Management,Yes,No,No
91,63,83,81,68,57,86,3,IT Project Manager,Certified ScrumMaster (CSM),Introvert,Technical,Yes,Yes,Yes
95,98,64,99,61,94,69,5,DevOps Engineer,Docker Certified Associate (DCA),Extravert,Management,Yes,No,Yes
71,67,97,76,56,55,85,3,IT Project Manager,Project Management Professional (PMP),Introvert,Management,No,No,Yes
58,98,70,66,100,54,57,6,Database Administrator,Microsoft Certified: Azure Database Administrator Associate,Introvert,Technical,No,No,No
93,94,85,71,80,87,59,6,Cybersecurity Specialist,Certified Ethical Hacker (CEH),Introvert,Management,Yes,Yes,No
82,96,65,58,83,50,94,2,IT Project Manager,Certified ScrumMaster (CSM),Introvert,Management,Yes,Yes,No
95,73,78,90,80,54,76,2,Cybersecurity Specialist,Certified Information Systems Security Professional (CISSP),Extravert,Technical,No,Yes,No
99,65,78,97,87,63,98,4,Data Scientist,Google Professional Data Engineer,Extravert,Management,No,No,No